Age,Fare,Pclass,Sex,SibSp,Parch,Embarked,Survived,FamilySize
-0.5924805998028931,-0.5024451714361923,3,1,1,0,2,0,1
0.6387890120425208,0.7868452935884461,1,0,1,0,0,1,1
-0.2846631968415396,-0.4888542575852486,3,0,0,0,2,1,0
0.4079259598215056,0.4207302360686478,1,0,1,0,2,1,1
0.4079259598215056,-0.4863374216869257,3,1,0,0,2,0,0
0.0,-0.4781164289086437,3,1,0,0,1,0,0
1.8700586238879344,0.395813560675251,1,1,0,0,2,0,0
-2.1315676146096605,-0.2240831210816794,3,1,3,1,2,0,4
-0.2077088461012012,-0.4242561406845337,3,0,0,2,2,1,2
-1.2081154057256,-0.0429555020886142,2,0,1,0,0,1,1
-1.977658913128984,-0.312172377522981,3,0,1,1,2,1,2
2.177876026849288,-0.1138457087351363,1,0,0,0,2,1,0
-0.7463893012835698,-0.4863374216869257,3,1,0,0,2,0,0
0.7157433627828591,-0.0187093117785307,3,1,1,5,2,0,6
-1.2081154057256,-0.4902797934380587,3,0,0,0,2,0,0
1.947012974628273,-0.3262666585535892,2,0,0,0,2,1,0
-2.1315676146096605,-0.0619988892296846,3,1,4,1,1,0,5
0.0,-0.3866707201133388,2,1,0,0,2,1,0
0.1001085568601522,-0.2859972841804228,3,0,1,0,2,0,1
0.0,-0.5029485386158568,3,0,0,0,0,1,0
0.4079259598215056,-0.1249197866877571,2,1,0,0,2,0,0
0.3309716090811673,-0.3866707201133388,2,1,0,0,2,1,0
-1.1311610549852615,-0.4867562231804066,3,0,0,0,1,1,0
-0.1307544953608629,0.0663597415847833,1,1,0,0,2,1,0
-1.6698415101676305,-0.2240831210816794,3,0,3,1,2,0,4
0.6387890120425208,-0.0164441594700401,3,0,1,5,2,1,6
0.0,-0.5029485386158568,3,1,0,0,0,0,0
-0.8233436520239081,4.647001076532463,1,1,3,2,2,0,5
0.0,-0.489776426258394,3,0,0,0,1,1,0
0.0,-0.4894421904510968,3,1,0,0,2,0,0
0.7926977135231975,-0.0902720169770847,1,1,0,0,0,0,0
0.0,2.301728820789,1,0,1,0,0,1,1
0.0,-0.4923778278429006,3,0,0,0,1,1,0
2.793510832771995,-0.4370074380797968,2,1,0,0,2,0,0
-0.1307544953608629,1.0060617003323709,1,1,1,0,0,0,1
0.9466064150038742,0.3985820801634062,1,1,1,0,2,0,1
0.0,-0.5028639729296732,3,1,0,0,0,1,0
-0.6694349505432314,-0.4863374216869257,3,1,0,0,2,0,0
-0.9002980027642465,-0.2859972841804228,3,0,2,0,2,0,2
-1.2081154057256,-0.422073540593508,3,0,1,0,0,1,1
0.7926977135231975,-0.4576454924460446,3,0,1,0,2,0,1
-0.2077088461012012,-0.2255932226206731,2,0,1,0,2,0,1
0.0,-0.4894421904510968,3,1,0,0,0,0,0
-2.054613263869322,0.1887625319294599,2,0,1,2,0,1,3
-0.8233436520239081,-0.489776426258394,3,0,0,0,1,1,0
0.0,-0.4863374216869257,3,1,0,0,2,0,0
0.0,-0.3363340021468808,3,1,1,0,1,0,1
0.0,-0.4923778278429006,3,0,0,0,1,1,0
0.0,-0.2119177430835458,3,1,2,0,0,0,2
-0.9002980027642465,-0.2900242216177394,3,0,1,0,2,0,1
-1.7467958609079686,0.1506737441786005,3,1,4,1,2,0,5
-0.6694349505432314,-0.4913710934835715,3,1,0,0,2,0,0
1.4852868701862427,0.8964967865378598,1,0,1,0,0,1,1
-0.0538001446205245,-0.1249197866877571,2,0,1,0,2,1,1
2.716556482031657,0.5995101505357573,1,1,0,1,0,0,1
0.0,0.0663597415847833,1,1,0,0,2,1,0
-0.6694349505432314,-0.4370074380797968,2,0,0,0,2,1,0
-0.0922773199906937,-0.5028639729296732,3,1,0,0,0,0,0
-1.9007045623886452,-0.0896840841112365,2,0,1,2,2,1,3
-1.4389784579466152,0.2958951755118318,3,1,5,2,2,0,7
-0.5924805998028931,-0.5028639729296732,3,1,0,0,0,0,0
0.6387890120425208,0.962353321387736,1,0,0,0,2,1,0
1.177469467224889,1.0323213593611125,1,1,1,0,2,0,1
-1.977658913128984,-0.086663881033249,3,1,3,2,2,0,5
0.0,-0.0902720169770847,1,1,0,0,0,0,0
0.0,-0.3414522396297103,3,1,1,1,0,1,2
-0.0538001446205245,-0.4370074380797968,2,0,0,0,2,1,0
-0.8233436520239081,-0.4841568350646187,3,1,0,0,2,0,0
-0.977252353504585,-0.4888542575852486,3,0,4,2,2,1,6
-0.2846631968415396,-0.4740049257851434,3,1,2,0,2,0,2
0.1770629076004905,-0.4370074380797968,2,1,0,0,2,0,0
-1.0542067042449232,0.2958951755118318,3,0,5,2,2,0,7
-0.6694349505432314,0.8314778546749452,2,1,0,0,2,0,0
-0.2846631968415396,-0.3573908580066095,3,1,1,0,0,0,1
0.1770629076004905,0.489103606816847,3,1,0,0,2,1,0
-0.361617547581878,-0.494391296561559,3,1,0,0,2,0,0
0.0,-0.4894421904510968,3,1,0,0,2,0,0
0.0,-0.4863374216869257,3,1,0,0,2,0,0
-2.2216042049758564,-0.0645157251280075,2,1,0,2,2,1,2
0.0231542061198138,-0.397241430886295,3,0,0,0,2,1,0
-0.5924805998028931,-0.4672094688596716,3,1,0,0,2,0,0
-0.0538001446205245,-0.45714212526638,3,1,0,0,2,1,0
0.0,-0.4916227770734037,3,0,0,0,1,1,0
-0.1307544953608629,0.2999221129491485,1,1,0,0,2,0,0
-0.977252353504585,-0.4370074380797968,2,0,0,0,2,1,0
0.2540172583408289,-0.3292868616315766,3,0,3,0,2,1,3
-1.0542067042449232,0.0437082184998772,3,1,1,3,2,0,4
0.0,-0.4863374216869257,3,1,0,0,2,0,0
-0.5155262490625547,4.647001076532463,1,0,3,2,2,1,5
-0.4385718983222164,-0.4863374216869257,3,1,0,0,2,0,0
-0.0538001446205245,-0.4863374216869257,3,1,0,0,2,0,0
-0.7463893012835698,-0.4902797934380587,3,1,0,0,2,0,0
1.2544238179652276,0.5833178351003071,1,1,1,0,2,0,1
-0.2846631968415396,-0.234150464674971,3,1,1,2,2,0,3
2.2548303775896263,-0.5024451714361923,3,1,0,0,2,0,0
0.0,-0.4863374216869257,3,1,0,0,2,0,0
3.1782825864736868,0.0493298231623713,1,1,0,0,0,0,0
-0.5155262490625547,0.6272778976347743,1,1,0,1,0,1,1
0.3309716090811673,-0.1853238482475067,2,0,0,1,2,1,1
0.3309716090811673,-0.1249197866877571,2,1,1,0,2,0,1
-0.1307544953608629,-0.4894421904510968,3,0,0,0,2,0,0
0.0,-0.4894421904510968,3,1,0,0,2,0,0
-0.6694349505432314,0.907737982394129,1,1,0,1,2,0,1
0.2540172583408289,-0.4741720436887921,3,1,0,0,2,0,0
0.5618346613021824,-0.4888542575852486,3,1,2,0,2,0,2
-0.1307544953608629,-0.4894421904510968,3,1,0,0,2,0,0
-0.6694349505432314,-0.494391296561559,3,0,0,0,2,1,0
0.0,-0.4918744606632361,3,1,0,0,2,1,0
0.6387890120425208,-0.4894421904510968,3,1,0,0,2,0,0
0.0,-0.1621689579829361,3,0,1,0,1,1,1
1.331378168705566,0.3985820801634062,1,1,0,0,2,0,0
-1.169638230355431,-0.3573908580066095,3,0,1,0,0,0,1
-0.5924805998028931,-0.4863374216869257,3,1,0,0,2,0,0
-0.7463893012835698,-0.4505983519307405,3,0,1,0,2,0,1
-0.977252353504585,-0.3573083057891445,3,0,0,0,0,0,0
-0.6694349505432314,-0.4888542575852486,3,1,0,0,2,0,0
3.139805411103518,-0.4923778278429006,3,1,0,0,1,0,0
-0.0538001446205245,-0.2255932226206731,2,1,1,0,2,0,1
-0.4385718983222164,4.335332226633905,1,1,0,1,0,0,1
-2.1315676146096605,-0.0187093117785307,3,0,4,2,2,0,6
-0.6694349505432314,0.8314778546749452,2,1,2,0,2,0,2
0.0,-0.4863374216869257,3,1,0,0,2,0,0
0.2155400829706597,-0.0429555020886142,2,1,1,0,0,0,1
0.2155400829706597,-0.3866707201133388,2,0,0,0,2,1,0
1.8700586238879344,0.907737982394129,1,1,0,1,2,0,1
-1.3620241072062766,-0.422073540593508,3,1,1,0,0,1,1
0.0,-0.4923778278429006,3,1,0,0,1,0,0
-0.4385718983222164,-0.5046257580584992,3,1,0,0,2,1,0
0.0,-0.1982442770151372,3,0,1,1,0,1,2
1.177469467224889,-0.5079822104125026,3,1,0,0,2,0,0
0.2540172583408289,-0.4894421904510968,3,1,0,0,0,0,0
-0.7463893012835698,-0.5064721088735089,3,1,0,0,2,0,0
1.331378168705566,-0.356468689333464,3,0,1,0,2,0,1
-0.0538001446205245,-0.1249197866877571,2,0,1,0,2,1,1
-0.361617547581878,-0.3866707201133388,2,1,0,0,2,0,0
-0.5155262490625547,-0.3454791770670269,2,1,0,0,0,0,0
-0.8233436520239081,-0.1192156298077981,1,0,0,2,2,1,2
0.5618346613021824,0.4207302360686478,1,1,1,0,2,0,1
-1.0542067042449232,-0.4628462821463391,3,1,0,0,2,0,0
-0.4385718983222164,0.9462455716384696,1,1,0,0,0,0,0
0.0,-0.3414522396297103,3,0,0,2,0,0,2
-0.5924805998028931,-0.4923778278429006,3,0,0,0,2,1,0
-0.4385718983222164,-0.3292868616315766,3,0,1,0,2,1,1
-0.8233436520239081,-0.5125125150294839,3,1,0,0,1,0,0
-0.9002980027642465,-0.4168727508932136,2,1,0,0,2,0,0
-0.8233436520239081,0.0915281005680123,2,1,1,1,2,0,2
-0.2077088461012012,-0.4914556591697551,3,1,0,0,2,1,0
-1.5928871594272918,0.0437082184998772,3,0,2,2,2,0,4
0.5233574859320133,-0.1249197866877571,2,1,0,2,2,0,2
0.9466064150038742,-0.3866707201133388,2,1,0,0,2,0,0
1.6391955716669195,-0.3962346965269658,2,1,0,0,2,0,0
-0.5924805998028931,0.6925485130875209,1,0,1,0,2,1,1
1.985490149998442,-0.4863374216869257,3,1,0,0,2,0,0
0.8311748888933667,-0.356468689333464,3,1,0,2,2,0,2
0.0,-0.5011867534870308,3,1,0,0,2,0,0
1.6391955716669195,0.5874293382238074,1,1,0,1,0,0,1
-1.0542067042449232,-0.4927140771189165,3,0,0,0,1,1,0
0.0231542061198138,-0.4863374216869257,3,1,0,0,2,0,0
0.0,-0.4740049257851434,3,1,0,0,2,0,0
0.0,0.7519458402879414,3,1,8,2,2,0,10
1.100515116484551,-0.3242531898349308,3,1,0,1,2,0,1
0.7926977135231975,-0.331300330350235,2,0,0,0,2,1,0
-0.2846631968415396,-0.4918744606632361,3,1,0,0,2,0,0
-0.977252353504585,-0.4740049257851434,3,1,0,0,2,0,0
-2.208521965349999,0.1506737441786005,3,1,4,1,2,0,5
-1.5928871594272918,-0.2351571990343002,3,1,0,2,2,1,2
0.0,0.4589861417231558,1,0,0,1,2,1,1
1.177469467224889,-0.086663881033249,3,0,1,4,2,0,5
0.0,-0.1264298882267508,1,1,0,0,2,0,0
-0.1307544953608629,0.489103606816847,3,1,0,0,2,0,0
2.4087390790703034,0.0260903672116169,1,1,0,0,2,0,0
-1.977658913128984,-0.0619988892296846,3,1,4,1,1,0,5
-2.208521965349999,-0.4242561406845337,3,0,1,1,2,1,2
-0.6694349505432314,-0.4888542575852486,3,1,0,0,2,0,0
2.0239673253686115,-0.0303713225969997,1,1,0,0,0,0,0
-0.9002980027642465,-0.4902797934380587,3,1,1,1,2,0,2
0.0,-0.1356576153643619,3,1,3,1,2,0,4
1.5622412209265812,-0.0703044476941502,1,0,0,0,0,0,0
0.0231542061198138,-0.3866707201133388,2,1,0,0,2,0,0
0.484880310561844,-0.6484216535389205,3,1,0,0,2,0,0
0.0,0.7519458402879414,3,0,8,2,2,0,10
0.0,-0.3453946113808432,2,1,0,0,0,0,0
-1.5928871594272918,-0.0164441594700401,3,1,4,2,2,0,6
-2.208521965349999,0.1368311467378245,2,1,2,1,2,1,3
-1.977658913128984,-0.2049551682544254,3,0,0,2,2,1,2
0.0,0.3583127057902398,1,1,0,0,2,0,0
0.0,-0.3363340021468808,3,0,1,0,1,1,1
1.177469467224889,-0.1138457087351363,1,1,0,0,2,1,0
0.7926977135231975,-0.3363340021468808,3,1,1,1,1,0,2
0.484880310561844,-0.4894421904510968,3,1,0,0,2,0,0
0.1770629076004905,-0.3866707201133388,2,0,0,0,2,1,0
-0.8233436520239081,-0.3866707201133388,2,1,0,0,2,0,0
-0.8233436520239081,-0.4902797934380587,3,0,1,0,2,1,1
-2.054613263869322,-0.1249197866877571,2,1,1,1,2,1,2
1.100515116484551,-0.0902720169770847,1,0,0,0,0,1,0
2.177876026849288,2.301728820789,1,0,0,0,0,1,0
0.0,-0.4923778278429006,3,1,0,0,1,0,0
0.9466064150038742,-0.4792057154854379,3,1,0,1,2,0,1
0.0,-0.4923778278429006,3,0,0,0,1,1,0
-0.4385718983222164,-0.3866707201133388,2,0,0,0,2,0,0
-0.1307544953608629,-0.45714212526638,3,1,0,0,2,0,0
0.0,0.7519458402879414,3,1,8,2,2,0,10
0.3309716090811673,-0.5176307525123133,3,1,0,0,2,0,0
1.2159466425950585,-0.5029485386158568,3,1,0,0,0,0,0
-0.9002980027642465,-0.4863374216869257,3,1,0,0,2,1,0
-2.1315676146096605,-0.4377624888492937,3,0,0,1,2,0,1
0.1770629076004905,-0.3292868616315766,3,1,1,0,2,0,1
-0.2846631968415396,-0.2701412180209885,3,1,0,0,0,1,0
-1.0542067042449232,-0.4923778278429006,3,0,0,0,1,1,0
0.7926977135231975,-0.0242463507548411,1,1,0,0,0,1,0
-0.4385718983222164,-0.5064721088735089,3,1,0,0,2,0,0
0.4079259598215056,-0.2255932226206731,2,0,0,0,2,1,0
-0.5924805998028931,-0.5024451714361923,3,1,0,0,2,0,0
0.0231542061198138,-0.3866707201133388,2,1,0,0,2,0,0
0.0,-0.4923778278429006,3,1,1,0,1,0,1
0.1001085568601522,1.6323350375212924,1,0,1,0,0,1,1
-0.2077088461012012,-0.4888542575852486,3,0,0,0,2,1,0
0.9466064150038742,-0.1047850995011739,2,1,1,0,2,0,1
0.1770629076004905,0.8876878608937296,1,0,0,0,0,1,0
0.0231542061198138,-0.4370074380797968,2,1,0,0,2,0,0
-1.0542067042449232,-0.4863374216869257,3,1,0,0,2,1,0
-0.2077088461012012,-0.3866707201133388,2,1,0,0,2,0,0
1.6391955716669195,-0.4863374216869257,3,1,0,0,2,0,0
0.0,-0.4894421904510968,3,1,0,0,2,0,0
0.6387890120425208,1.163700193253568,1,1,1,0,2,1,1
-0.5924805998028931,-0.4601623283443675,3,1,0,0,2,0,0
-0.8233436520239081,-0.4370074380797968,2,1,0,0,2,1,0
-0.7079121259134006,-0.5024451714361923,3,1,0,0,2,0,0
-0.9002980027642465,-0.3866707201133388,2,1,0,0,2,0,0
0.0,-0.1356576153643619,3,0,3,1,2,0,4
0.4079259598215056,1.0323213593611125,1,0,1,0,2,1,1
-0.0538001446205245,-0.4918744606632361,3,1,0,0,2,0,0
2.2548303775896263,-0.3766033765200472,2,1,0,0,2,0,0
-1.9007045623886452,-0.0164441594700401,3,0,4,2,2,1,6
-0.4385718983222164,-0.4370074380797968,2,1,0,0,2,0,0
0.0,-0.4964047652802172,3,0,0,0,2,0,0
1.100515116484551,-0.1249197866877571,2,1,1,0,2,0,1
-1.6698415101676305,-0.1198861148911113,2,0,0,2,2,1,2
-0.8233436520239081,-0.4370074380797968,2,1,0,0,2,0,0
0.2540172583408289,-0.4012683683236117,2,1,0,0,2,0,0
0.0,-0.3573908580066095,3,0,1,0,0,0,1
0.0,-0.3363340021468808,3,0,1,0,1,1,1
-0.0538001446205245,-0.4370074380797968,2,1,0,0,2,0,0
-0.5924805998028931,-0.5049620073345151,3,1,0,0,2,0,0
0.0231542061198138,-0.5029485386158568,3,1,0,0,0,0,0
1.100515116484551,1.163700193253568,1,1,2,0,1,0,2
-0.361617547581878,-0.4918744606632361,3,0,0,0,2,0,0
-0.4385718983222164,-0.356468689333464,2,0,0,2,2,1,2
0.5618346613021824,0.4097407238022106,1,1,1,1,2,1,2
1.8700586238879344,-0.1249197866877571,2,1,1,0,2,0,1
0.0,-0.5024451714361923,3,1,0,0,2,0,0
-0.0538001446205245,-0.4377624888492937,3,0,1,1,2,0,2
2.4856934298106417,-0.1138457087351363,1,1,0,0,2,0,0
0.0231542061198138,-0.3242531898349308,3,1,1,0,2,0,1
0.8696520642635358,-0.2414492887801075,3,0,0,2,2,0,2
-0.0538001446205245,-0.3414522396297103,3,0,0,2,0,1,2
0.0,0.9462455716384696,1,0,0,0,0,1,0
0.0231542061198138,1.093228788100527,1,0,0,0,2,1,0
0.4079259598215056,9.667166525013505,1,0,0,0,0,1,0
1.5622412209265812,-0.1249197866877571,2,0,0,1,2,1,1
0.0,-0.4923778278429006,3,1,0,0,1,0,0
-2.054613263869322,-0.0164441594700401,3,1,4,2,2,1,6
1.7161499224072578,0.955306180872432,1,1,1,1,2,0,2
0.7926977135231975,-0.6484216535389205,1,1,0,0,2,0,0
0.0,-0.4923778278429006,3,0,0,0,1,0,0
0.484880310561844,-0.4370074380797968,2,1,0,0,2,0,0
-1.0542067042449232,0.1506737441786005,3,1,4,1,2,0,5
-0.361617547581878,-0.4918744606632361,3,1,1,0,2,1,1
2.177876026849288,2.441497778832105,1,0,0,1,2,1,1
0.4079259598215056,2.0825124140450755,1,0,0,0,2,1,0
0.0,-0.0242463507548411,1,1,0,0,2,0,0
-0.361617547581878,-0.6484216535389205,3,1,0,0,2,1,0
0.8696520642635358,-0.255795253400548,2,0,0,1,2,1,1
0.5618346613021824,-0.0504214440973992,1,1,0,1,0,0,1
0.0,-0.4923778278429006,3,0,0,0,1,1,0
2.56264778055098,0.921244330558889,1,0,1,0,2,1,1
1.177469467224889,-0.4923778278429006,3,0,0,0,2,0,0
0.0,-0.6484216535389205,2,1,0,0,2,0,0
-1.7467958609079686,-0.0619988892296846,3,1,4,1,1,0,5
0.4079259598215056,-0.2406942380106105,3,0,1,1,2,1,2
2.716556482031657,-0.4923778278429006,3,1,0,0,1,0,0
-0.1307544953608629,-0.4902797934380587,3,1,0,0,2,0,0
-1.0542067042449232,-0.45714212526638,3,1,0,0,2,0,0
-0.8233436520239081,-0.4863374216869257,3,1,0,0,2,1,0
0.0,-0.1249197866877571,1,1,0,0,2,0,0
0.2540172583408289,-0.4740049257851434,3,1,0,0,0,0,0
0.0231542061198138,-0.45714212526638,3,1,0,0,2,1,0
-0.5924805998028931,-0.4894421904510968,3,1,0,0,2,0,0
0.9466064150038742,-0.3866707201133388,2,1,0,0,2,1,0
-0.5924805998028931,-0.4923778278429006,3,0,0,0,1,1,0
-0.2846631968415396,0.9391984311231651,1,0,0,0,2,1,0
-0.8233436520239081,1.1854295476653287,1,0,1,0,0,1,1
0.484880310561844,-0.3891875560116617,2,1,0,0,0,0,0
-0.4385718983222164,-0.4702296719376591,3,0,0,0,2,0,0
-0.4385718983222164,-0.4894421904510968,3,1,0,0,2,0,0
0.0,-0.0902720169770847,1,1,0,0,0,0,0
-0.4770490736923855,-0.5028639729296732,3,1,0,0,0,0,0
-2.1315676146096605,2.402990189587765,1,0,1,2,2,0,3
0.0,-0.0343136943481327,1,1,0,0,2,1,0
1.5622412209265812,4.335332226633905,1,0,0,1,0,1,1
0.0,-0.4923778278429006,3,0,0,0,1,1,0
0.0,-0.1802901764508609,3,1,2,0,1,1,2
-0.8233436520239081,-0.6484216535389205,3,1,0,0,2,0,0
0.0,-0.3997582667846179,2,0,0,0,1,1,0
0.0,-0.4863374216869257,3,1,0,0,2,0,0
-2.214678313409226,2.402990189587765,1,1,1,2,2,1,3
0.0,1.5841789061771412,1,0,0,0,0,1,0
-0.977252353504585,1.5442457810799908,1,0,1,0,0,1,1
0.0231542061198138,-0.1651891610609235,2,1,1,0,0,0,1
0.0231542061198138,0.4978299802435121,1,0,0,0,0,1,0
-0.4385718983222164,1.0259447039291216,1,0,0,0,0,1,0
-0.9002980027642465,4.634416897040849,1,0,2,2,0,1,4
-0.2846631968415396,-0.1249197866877571,2,0,1,1,2,0,2
-0.1307544953608629,-0.4894421904510968,3,1,0,0,2,0,0
1.0235607657442125,-0.1198861148911113,2,1,1,1,2,0,2
-0.2846631968415396,-0.4902797934380587,3,0,0,0,2,1,0
-0.4385718983222164,-0.1249197866877571,2,0,1,0,2,1,1
1.8700586238879344,-0.3665360329267556,2,1,0,0,2,0,0
0.1001085568601522,2.671117778445337,1,0,0,2,2,1,2
0.7926977135231975,2.059693773056521,1,0,1,1,0,1,2
-0.5924805998028931,-0.5024451714361923,3,1,0,0,2,0,0
-0.2077088461012012,-0.4894421904510968,3,1,0,0,2,0,0
0.0231542061198138,-0.3997582667846179,2,0,0,0,1,1,0
-0.5924805998028931,-0.0645157251280075,2,0,1,1,2,1,2
0.0,0.7519458402879414,3,1,8,2,2,0,10
0.484880310561844,2.0825124140450755,1,0,0,0,0,1,0
2.4087390790703034,-0.5228315422126077,3,1,0,0,2,0,0
0.484880310561844,-0.3866707201133388,2,0,0,0,2,1,0
0.1001085568601522,-0.2351571990343002,3,0,1,1,2,1,2
-1.0542067042449232,0.5189714017894245,1,0,0,1,0,1,1
0.0,-0.1802901764508609,3,0,2,0,1,1,2
1.2159466425950585,-0.0745830687212991,1,1,0,0,2,0,0
0.6387890120425208,2.441497778832105,1,1,0,1,2,0,1
-1.0542067042449232,-0.2859972841804228,3,1,2,0,2,0,2
0.0,2.042579288947925,1,0,1,0,2,1,1
0.0,-0.4894421904510968,3,1,0,0,2,0,0
-0.0538001446205245,0.6925485130875209,1,1,1,0,2,0,1
0.8696520642635358,2.059693773056521,1,0,0,0,0,1,0
1.177469467224889,-0.4863374216869257,3,1,0,0,2,1,0
1.177469467224889,0.0663597415847833,1,1,0,0,2,0,0
-2.1315676146096605,-0.1249197866877571,2,1,1,1,2,1,2
-0.4385718983222164,4.647001076532463,1,0,3,2,2,1,5
-0.1307544953608629,-0.3866707201133388,2,1,0,0,2,0,0
-0.361617547581878,-0.3866707201133388,2,1,0,0,2,0,0
0.484880310561844,-0.3866707201133388,2,1,0,0,2,0,0
-0.4385718983222164,-0.3866707201133388,2,0,0,0,2,1,0
0.7926977135231975,-0.3866707201133388,2,0,0,0,2,1,0
0.0,-0.3242531898349308,3,0,1,0,2,1,1
-2.054613263869322,-0.3282801272722475,3,1,1,1,2,1,2
0.9466064150038742,-0.4740049257851434,3,1,0,0,2,0,0
-0.5155262490625547,-0.4626791642426904,3,1,0,0,2,0,0
0.0,0.0562923979914917,1,1,0,0,2,0,0
-1.1311610549852615,-0.5028639729296732,3,1,1,1,0,0,2
-0.361617547581878,-0.2900242216177394,3,1,1,0,2,0,1
0.0,-0.5029485386158568,3,1,0,0,0,0,0
-0.1307544953608629,-0.45714212526638,3,1,0,0,2,0,0
-0.5924805998028931,0.4589861417231558,1,0,0,1,2,1,1
0.6387890120425208,-0.3866707201133388,2,0,0,0,2,0,0
0.0,-0.489776426258394,3,0,0,0,1,1,0
0.0,-0.489776426258394,3,0,0,0,1,1,0
0.7926977135231975,-0.086663881033249,3,1,1,4,2,0,5
-0.0538001446205245,-0.0902720169770847,2,1,1,0,0,0,1
1.177469467224889,-0.3573908580066095,3,0,0,1,0,0,1
0.4079259598215056,-0.5064721088735089,3,1,0,0,2,0,0
0.0,-0.3363340021468808,3,1,1,0,1,0,1
0.0231542061198138,-0.5024451714361923,3,1,0,0,2,0,0
2.3317847283299646,0.8667135572514657,1,0,1,0,0,1,1
0.0,-0.5028639729296732,3,0,0,0,0,1,0
0.0,-0.4923778278429006,3,0,0,0,1,1,0
-0.4385718983222164,0.7469121684912956,1,0,0,0,0,1,0
-0.361617547581878,0.4678796330534696,1,1,1,0,0,1,1
-0.9002980027642465,-0.5176307525123133,3,1,1,0,2,0,1
-0.8233436520239081,-0.4863374216869257,3,1,0,0,2,0,0
-0.5924805998028931,2.0825124140450755,1,1,0,0,0,0,0
-2.054613263869322,-0.2240831210816794,3,0,3,1,2,0,4
0.0,1.0060617003323709,1,0,1,0,0,1,1
-0.5924805998028931,-0.5024451714361923,3,0,0,0,2,1,0
-0.2077088461012012,3.610064686423428,1,1,0,2,0,0,2
-0.7463893012835698,-0.5676312212027554,3,1,0,0,0,0,0
-0.8233436520239081,-0.4918744606632361,3,1,0,0,2,0,0
0.9466064150038742,3.9327230485884233,1,0,0,0,0,1,0
-2.208521965349999,-0.3314674482538836,3,0,0,2,0,1,2
0.1770629076004905,-0.4888542575852486,3,1,0,0,2,0,0
0.4079259598215056,0.3985820801634062,1,0,1,0,2,1,1
0.0,-0.4894421904510968,3,1,0,0,2,0,0
-0.9002980027642465,0.8314778546749452,2,1,0,0,2,0,0
-2.208521965349999,0.2958951755118318,3,1,5,2,2,0,7
0.484880310561844,-0.3866707201133388,2,0,0,0,2,1,0
0.0,-0.4927966293363816,3,1,0,0,1,0,0
-0.977252353504585,-0.406805407299922,2,0,0,0,0,1,0
0.484880310561844,1.7677408088510642,1,1,1,2,2,1,3
-0.6694349505432314,-0.4914556591697551,3,1,0,0,2,1,0
-0.1307544953608629,-0.4888542575852486,3,1,2,0,2,0,2
-0.5155262490625547,1.6323350375212924,1,0,1,0,0,1,1
-0.4385718983222164,-0.312172377522981,3,0,0,2,2,1,2
-0.5924805998028931,-0.4914556591697551,3,1,0,0,2,0,0
0.1001085568601522,-0.4902797934380587,3,0,0,0,2,0,0
1.2544238179652276,-0.1249197866877571,2,1,0,0,2,0,0
-0.5155262490625547,-0.4370074380797968,2,1,0,0,2,0,0
-0.1307544953608629,-0.393717860628643,2,0,0,0,2,1,0
0.7157433627828591,-0.4888542575852486,3,1,0,0,2,1,0
-0.2846631968415396,-0.4863374216869257,3,1,0,0,2,0,0
-0.6694349505432314,-0.4505983519307405,3,0,1,0,2,0,1
-0.1307544953608629,-0.3292868616315766,3,1,1,0,2,0,1
-0.7463893012835698,-0.4740049257851434,3,0,0,0,2,0,0
0.3309716090811673,-0.2255932226206731,2,1,1,0,2,0,1
1.6391955716669195,-0.4923778278429006,3,1,0,0,2,0,0
-2.054613263869322,-0.2708962687904854,2,1,1,1,2,1,2
-0.6694349505432314,-0.4918744606632361,3,1,0,0,2,0,0
0.0,-0.1356576153643619,3,0,3,1,2,0,4
0.0,-0.4894421904510968,3,1,0,0,2,0,0
0.0,-0.5103319284071769,3,1,0,0,1,0,0
0.2540172583408289,1.163700193253568,1,0,1,0,1,1,1
0.0,-0.6484216535389205,2,1,0,0,2,0,0
1.100515116484551,-0.4888542575852486,3,1,0,0,2,1,0
0.0,-0.4863374216869257,3,0,0,0,2,0,0
0.3309716090811673,0.0059556800250336,2,0,1,1,2,1,2
-0.9002980027642465,-0.3866707201133388,2,0,0,2,2,1,2
0.0231542061198138,-0.3866707201133388,2,1,0,0,2,0,0
-1.5159328086869537,-0.1621689579829361,3,0,0,2,2,0,2
0.0,-0.4894421904510968,3,1,0,0,0,0,0
-0.6694349505432314,-0.4927140771189165,3,1,0,0,1,0,0
-0.0538001446205245,-0.4898609919445778,3,1,0,0,2,0,0
-0.1307544953608629,-0.3584821580521223,3,0,1,1,2,0,2
-0.9002980027642465,-0.2414492887801075,3,1,1,1,2,0,2
0.0,-0.5024451714361923,3,1,0,0,2,0,0
-0.1307544953608629,-0.1249197866877571,2,0,1,0,2,1,1
-0.8233436520239081,-0.1249197866877571,2,0,0,0,2,1,0
0.0,-0.4923778278429006,3,1,0,0,1,0,0
0.1770629076004905,-0.4863374216869257,3,1,0,0,2,1,0
-0.1307544953608629,-0.1138457087351363,1,1,0,0,2,1,0
0.0,-0.3242531898349308,3,0,1,0,2,1,1
0.9466064150038742,-0.1249197866877571,2,0,1,0,2,1,1
-0.977252353504585,-0.5049620073345151,3,1,0,0,2,0,0
1.5622412209265812,0.4771073601910807,1,1,1,0,2,0,1
-1.2081154057256,1.7677408088510642,1,0,1,2,2,1,3
-0.6694349505432314,0.0437082184998772,3,0,2,2,2,0,4
-0.4385718983222164,-0.2708962687904854,2,0,2,3,2,1,5
2.6396021312913183,4.647001076532463,1,1,1,4,2,0,5
0.1001085568601522,-0.4370074380797968,2,1,0,0,2,0,0
1.177469467224889,-0.1198861148911113,2,0,1,1,2,1,2
-0.7463893012835698,-0.45714212526638,3,1,0,0,2,0,0
-0.361617547581878,-0.4918744606632361,3,1,1,0,2,0,1
-0.1307544953608629,-0.3866707201133388,2,0,0,0,2,1,0
0.0,-0.4850790037377642,3,1,0,0,2,1,0
-1.977658913128984,0.9997696105865636,1,1,0,2,2,1,2
-1.2850697564659384,-0.255795253400548,2,0,0,1,2,1,1
0.3309716090811673,-0.1138457087351363,1,1,0,0,2,1,0
-1.9007045623886452,-0.2606618072935451,3,0,2,1,0,1,3
1.7161499224072578,-0.0343136943481327,1,1,0,0,2,1,0
0.484880310561844,-0.0896840841112365,2,1,1,2,2,0,3
0.0,-0.2463983948905696,3,1,1,0,2,0,1
0.0231542061198138,-0.0896840841112365,1,1,0,0,0,0,0
1.4852868701862427,1.145663540471827,1,1,1,0,0,1,1
0.0,-0.4863374216869257,3,1,0,0,2,0,0
-0.0538001446205245,-0.4894421904510968,3,1,0,0,0,1,0
2.716556482031657,-0.1138457087351363,1,1,0,0,2,0,0
0.0,0.395813560675251,1,0,1,0,2,1,1
1.5622412209265812,-0.4370074380797968,2,0,0,0,2,1,0
0.0,-0.4923778278429006,3,1,0,0,1,0,0
1.4083325194459044,-0.1138457087351363,1,1,0,0,2,1,0
0.3309716090811673,-0.4863374216869257,3,1,0,0,2,0,0
1.331378168705566,0.1267638031445329,1,1,0,0,2,0,0
1.4083325194459044,-0.3866707201133388,2,1,0,0,2,0,0
0.0,-0.4863374216869257,3,1,0,0,2,0,0
0.6387890120425208,-0.5064721088735089,3,1,0,0,2,0,0
0.0,-0.6484216535389205,2,1,0,0,2,0,0
2.0239673253686115,-0.1138457087351363,1,1,0,0,2,0,0
0.0,-0.4928811950225652,3,1,0,0,1,0,0
-2.2277605530350835,-0.2606618072935451,3,0,2,1,0,1,3
0.0,-0.5024451714361923,3,1,0,0,2,0,0
0.6387890120425208,-0.4740049257851434,3,1,0,0,2,0,0
0.2540172583408289,-0.0896840841112365,2,0,1,2,2,1,3
-0.5155262490625547,-0.3707300882677209,2,0,0,0,0,1,0
-0.5924805998028931,-0.4503466683409082,3,0,0,0,2,0,0
0.0,0.3985820801634062,1,1,0,0,2,0,0
0.3309716090811673,-0.2255932226206731,2,1,1,0,2,0,1
-0.0538001446205245,-0.5065566745596926,3,1,1,0,2,0,1
-0.5924805998028931,-0.4969926981460655,3,1,0,0,2,0,0
-2.1315676146096605,-0.4010166847337793,3,0,0,1,2,1,1
-1.5928871594272918,0.2958951755118318,3,1,5,2,2,0,7
0.0,-0.6484216535389205,2,1,0,0,2,0,0
1.5622412209265812,-0.4863374216869257,3,1,0,0,2,0,0
2.56264778055098,-0.455380340137554,3,0,0,0,2,1,0
-0.361617547581878,1.1854295476653287,1,1,1,0,0,1,1
0.0,-0.1356576153643619,3,0,3,1,2,0,4
0.4079259598215056,1.163700193253568,1,0,1,0,2,1,1
2.177876026849288,-0.0504214440973992,1,1,0,0,0,0,0
0.0231542061198138,-0.4863374216869257,3,1,0,0,2,0,0
-1.5928871594272918,-0.3282801272722475,3,1,1,1,2,1,2
0.0,-0.2463983948905696,3,1,1,0,2,0,1
-0.6694349505432314,-0.5024451714361923,3,1,0,0,2,0,0
1.947012974628273,-0.0343136943481327,1,1,0,0,2,0,0
3.1782825864736868,0.3483299278831318,1,1,0,0,0,0,0
-0.6694349505432314,-0.4863374216869257,3,1,0,0,2,0,0
0.0,-0.3573083057891445,3,1,0,0,0,0,0
1.8700586238879344,0.9274538680872312,1,0,1,0,0,1,1
0.0,-0.3443878770215141,3,1,0,0,2,0,0
-0.361617547581878,2.402990189587765,1,0,1,2,2,0,3
-0.4385718983222164,-0.4914556591697551,3,1,0,0,2,0,0
-0.977252353504585,-0.4740049257851434,3,1,0,0,2,0,0
-0.6694349505432314,-0.4923778278429006,3,0,0,0,1,0,0
0.0,-0.4948100980550399,3,0,0,0,1,0,0
0.5618346613021824,-0.455380340137554,3,0,0,0,2,0,0
-1.0542067042449232,1.093228788100527,1,0,0,0,2,1,0
-0.9002980027642465,1.5442457810799908,1,1,1,0,0,0,1
0.2540172583408289,-0.1249197866877571,2,0,0,2,2,1,2
0.0,-0.1138457087351363,1,1,0,0,2,1,0
-0.1307544953608629,-0.1948878246611338,3,1,0,0,2,0,0
-0.2846631968415396,0.489103606816847,3,1,0,0,2,1,0
-0.0538001446205245,-0.4923778278429006,3,1,0,0,1,1,0
0.0,-0.4863374216869257,3,1,0,0,2,0,0
0.484880310561844,-0.1191310641216144,1,1,0,0,2,1,0
1.8700586238879344,0.5475787653441219,1,0,1,0,0,1,1
-0.4385718983222164,-0.4974960653257301,3,1,0,0,2,0,0
1.331378168705566,0.0365765122983894,1,1,0,0,2,0,0
0.3309716090811673,-0.4370074380797968,2,0,0,0,2,1,0
0.0,-0.1621689579829361,3,1,0,0,1,0,0
0.484880310561844,-0.1249197866877571,2,0,1,0,2,1,1
0.1770629076004905,-0.4894421904510968,3,1,0,0,2,0,0
0.0231542061198138,1.2341715984066093,1,0,0,0,2,1,0
-0.5924805998028931,-0.4894421904510968,3,1,0,0,2,0,0
0.0,-0.5029485386158568,3,1,0,0,0,0,0
1.100515116484551,0.5189714017894245,1,0,0,1,0,1,1
0.0,-0.5028639729296732,3,1,0,0,0,0,0
0.8311748888933667,-0.4923778278429006,3,1,0,0,1,0,0
1.5622412209265812,-0.4370074380797968,2,0,0,0,2,1,0
0.0,3.817033162951754,1,1,0,0,2,0,0
0.7157433627828591,-0.4888542575852486,3,1,0,0,2,0,0
-0.5155262490625547,-0.4168727508932136,2,1,2,1,2,0,3
-2.1315676146096605,-0.1249197866877571,2,0,1,1,2,1,2
0.0,-0.5028639729296732,3,1,0,0,0,0,0
-0.977252353504585,-0.5028639729296732,3,1,1,1,0,0,2
0.0,-0.1982442770151372,3,0,0,2,0,1,2
0.0231542061198138,-0.4740049257851434,3,0,0,0,2,0,0
-1.7467958609079686,-0.1198861148911113,2,0,0,2,2,1,2
1.177469467224889,-0.1138457087351363,1,1,0,0,2,0,0
0.0231542061198138,1.4944124302931971,1,0,0,0,0,1,0
0.0,-0.356468689333464,3,1,0,0,2,0,0
-0.5924805998028931,0.3482453621969482,1,0,0,2,0,1,2
0.484880310561844,0.7811411367084872,1,0,0,2,2,1,2
-1.5928871594272918,-0.0187093117785307,3,0,4,2,2,0,6
-1.4389784579466152,-0.0187093117785307,3,0,4,2,2,0,6
0.1770629076004905,-0.1249197866877571,2,1,1,0,2,1,1
1.5622412209265812,1.4944124302931971,1,1,1,0,0,0,1
2.6396021312913183,-0.1249197866877571,1,1,0,0,2,0,0
-0.8233436520239081,-0.1249197866877571,2,0,1,0,2,1,1
0.0,-0.3693045524149108,2,1,0,0,0,1,0
0.2540172583408289,-0.2351571990343002,3,1,1,1,2,0,2
-1.6698415101676305,0.0915281005680123,2,1,1,1,2,1,2
-0.977252353504585,1.5841789061771412,1,1,0,2,0,1,2
-0.2077088461012012,-0.1249197866877571,2,1,0,0,2,0,0
0.0,-0.4907831606177232,3,1,0,0,1,0,0
-0.5924805998028931,-0.5029485386158568,3,1,0,0,0,1,0
-0.5924805998028931,-0.4918744606632361,3,0,0,0,2,1,0
2.4856934298106417,-0.1138457087351363,1,1,0,0,2,0,0
1.4083325194459044,0.1489119590497745,1,0,1,0,0,1,1
0.0,3.9327230485884233,1,1,0,0,0,0,0
0.7157433627828591,0.955306180872432,1,0,1,1,2,1,2
0.484880310561844,-0.2980780964923727,3,0,1,0,2,1,1
0.0,-0.4923778278429006,3,1,0,0,1,0,0
0.7926977135231975,-0.4894421904510968,3,1,0,0,2,0,0
-0.1307544953608629,-0.3766033765200472,2,1,0,0,2,0,0
0.0,-0.4863374216869257,3,1,0,0,2,0,0
0.0,-0.4863374216869257,3,0,0,0,2,0,0
-0.4385718983222164,-0.1621689579829361,3,1,2,0,2,0,2
-0.8233436520239081,-0.4894421904510968,3,1,0,0,2,0,0
-0.0538001446205245,-0.2240831210816794,3,0,0,4,2,0,4
0.0,-0.5028639729296732,3,1,0,0,0,0,0
0.1770629076004905,-0.4902797934380587,3,1,0,0,2,1,0
2.4856934298106417,-0.4370074380797968,2,1,0,0,2,1,0
1.7931042731475964,0.3880959350766336,1,0,2,0,2,1,2
0.484880310561844,-0.1171175954029561,1,1,0,0,2,1,0
0.0,-0.4923778278429006,3,0,0,0,1,1,0
-1.0542067042449232,-0.4863374216869257,3,1,0,0,2,0,0
-0.8233436520239081,-0.356468689333464,3,1,0,0,2,0,0
0.3309716090811673,-0.3866707201133388,2,0,0,0,2,1,0
0.7157433627828591,0.4771073601910807,1,0,1,0,2,1,1
0.0,-0.3573083057891445,3,0,1,0,0,0,1
0.1770629076004905,-0.4888542575852486,3,1,0,0,2,1,0
-0.361617547581878,-0.0443810379414243,2,0,1,1,2,1,2
0.7157433627828591,1.5841789061771412,1,0,1,1,0,1,2
1.8700586238879344,-0.1249197866877571,2,1,0,0,2,0,0
0.484880310561844,0.1594826698227306,1,1,0,0,0,0,0
0.0,-0.4729981914258143,3,1,0,0,0,0,0
-0.9002980027642465,0.955306180872432,1,0,0,2,2,1,2
1.331378168705566,-0.3464013457401724,2,1,0,0,2,0,0
2.3317847283299646,0.9462455716384696,1,1,1,1,0,1,2
-0.5924805998028931,-0.4863374216869257,3,1,0,0,2,0,0
0.0,-0.4863374216869257,3,1,0,0,2,0,0
0.4079259598215056,-0.5049620073345151,3,1,0,0,2,0,0
1.7161499224072578,0.9274538680872312,1,0,1,0,0,1,1
1.331378168705566,-0.5024451714361923,3,1,0,0,2,0,0
0.0,-0.4923778278429006,3,0,0,2,1,0,2
0.5618346613021824,-0.1249197866877571,2,1,1,0,2,0,1
0.484880310561844,-0.1621689579829361,3,1,1,1,2,0,2
0.0,0.0160230236183252,2,0,0,0,2,1,0
1.4852868701862427,-0.6484216535389205,3,1,0,0,2,0,0
0.0,-0.5029485386158568,3,1,0,0,0,0,0
1.4852868701862427,0.4978299802435121,1,1,1,0,0,1,1
-0.4385718983222164,-0.1047850995011739,2,0,2,1,2,1,3
0.0,-0.4894421904510968,3,1,0,0,2,0,0
0.0,0.2052890831722074,1,1,0,0,2,0,0
1.100515116484551,-0.4863374216869257,3,1,0,0,2,0,0
0.4079259598215056,-0.1138457087351363,1,1,0,0,0,1,0
0.484880310561844,-0.3353272677875516,3,1,1,0,2,0,1
0.0231542061198138,-0.4894421904510968,3,1,0,0,2,0,0
-0.2077088461012012,-0.0343136943481327,1,1,0,0,2,1,0
-0.5924805998028931,0.1887625319294599,2,0,1,2,0,1,3
0.7926977135231975,2.441497778832105,1,0,0,0,2,1,0
0.7157433627828591,-0.0187093117785307,3,0,1,5,2,0,6
0.0,-0.5064721088735089,3,1,0,0,2,0,0
0.0,-0.3363340021468808,3,0,1,0,1,1,1
0.0,-0.4923778278429006,3,1,0,0,1,0,0
0.4079259598215056,-0.4863374216869257,3,1,0,0,2,0,0
-0.4385718983222164,0.6603330135889879,2,0,1,2,2,1,3
0.3309716090811673,-0.3584821580521223,3,1,1,1,2,0,2
-0.2846631968415396,-0.3242531898349308,3,0,1,0,2,0,1
-1.977658913128984,0.1368311467378245,2,0,2,1,2,1,3
-0.2846631968415396,-0.4370074380797968,2,1,0,0,2,0,0
-0.2077088461012012,-0.3573908580066095,3,1,1,0,0,0,1
0.9466064150038742,0.4097407238022106,1,1,1,0,2,1,1
-0.7463893012835698,-0.3314674482538836,3,1,1,1,0,1,2
-0.6694349505432314,-0.4902797934380587,3,1,0,0,2,0,0
-0.6694349505432314,-0.3242531898349308,3,1,0,0,2,0,0
2.4087390790703034,0.0023475440811979,1,1,0,0,2,0,0
2.1009216761089498,-0.3997582667846179,2,1,0,0,1,0,0
-0.6694349505432314,0.921244330558889,1,0,0,0,2,1,0
-0.2846631968415396,-0.4894421904510968,3,1,0,0,2,0,0
0.0,-0.4927140771189165,3,1,0,0,1,0,0
3.870871743136732,-0.0443810379414243,1,1,0,0,2,1,0
1.6391955716669195,-0.5063875431873253,3,1,0,0,2,0,0
0.1770629076004905,-0.0343136943481327,1,1,0,0,0,1,0
0.0,-0.6484216535389205,1,1,0,0,2,0,0
-1.5928871594272918,-0.086663881033249,3,0,3,2,2,0,5
-0.1307544953608629,-0.3866707201133388,2,0,0,0,2,1,0
0.1770629076004905,-0.4888542575852486,3,1,0,0,2,0,0
0.1001085568601522,-0.1198861148911113,2,1,1,1,2,0,2
0.8696520642635358,0.1506737441786005,3,0,0,5,2,0,5
0.0,-0.3242531898349308,3,1,1,0,2,0,1
-0.7463893012835698,-0.4902797934380587,3,1,0,0,2,0,0
-0.4385718983222164,0.7469121684912956,1,0,0,0,0,1,0
-2.1315676146096605,-0.086663881033249,3,0,3,2,2,0,5
0.0,0.489103606816847,3,1,0,0,2,1,0
-2.2277605530350835,-0.2606618072935451,3,0,2,1,0,1,3
1.4083325194459044,0.8964967865378598,1,1,1,0,0,1,1
-0.8233436520239081,-0.4894421904510968,3,1,0,0,2,0,0
2.0239673253686115,0.0663597415847833,1,1,0,0,0,1,0
0.0,-0.4964047652802172,3,1,0,0,2,0,0
-0.5155262490625547,-0.4964047652802172,3,0,0,0,2,1,0
0.0,-0.4894421904510968,3,1,0,0,2,0,0
-0.9002980027642465,-0.1853238482475067,2,0,0,1,2,1,1
-0.6694349505432314,-0.4786197960883083,3,1,0,0,2,0,0
0.0,-0.4907831606177232,3,0,0,0,1,1,0
-0.9002980027642465,-0.5125125150294839,3,0,0,0,1,0,0
-0.4385718983222164,0.8314778546749452,2,1,2,0,2,0,2
0.0,-0.4894421904510968,3,1,0,0,2,0,0
0.1770629076004905,-0.3363340021468808,3,0,1,1,1,0,2
-0.5155262490625547,-0.3866707201133388,2,1,0,0,2,0,0
2.177876026849288,1.6323350375212924,1,1,0,2,0,0,2
1.5622412209265812,2.042579288947925,1,1,2,0,2,1,2
0.7926977135231975,-0.5029485386158568,3,1,0,0,0,0,0
1.331378168705566,-0.1332253451522227,1,1,0,0,2,0,0
0.484880310561844,-0.4974960653257301,3,1,0,0,2,0,0
-0.7463893012835698,-0.4888542575852486,3,1,1,0,2,1,1
0.1770629076004905,0.8314778546749452,2,1,2,0,2,0,2
-0.361617547581878,-0.3866707201133388,2,1,0,0,2,0,0
0.0,-0.4918744606632361,3,1,0,0,2,0,0
1.0235607657442125,-0.4863374216869257,3,1,0,0,2,0,0
0.0,0.3985820801634062,1,0,1,0,2,1,1
0.7926977135231975,0.1368311467378245,2,0,1,1,2,1,2
0.1001085568601522,0.3985820801634062,1,1,1,0,2,0,1
3.1013282357333485,-0.4370074380797968,2,1,0,0,2,0,0
0.1001085568601522,-0.3866707201133388,2,1,0,0,2,1,0
0.0,-0.6484216535389205,2,1,0,0,2,0,0
-0.9002980027642465,-0.4918744606632361,3,1,0,0,2,0,0
-0.4000947229520472,-0.4863374216869257,3,1,0,0,2,0,0
-0.9002980027642465,-0.4502621026547245,3,0,0,0,2,1,0
1.0235607657442125,0.2958951755118318,3,0,1,6,2,0,7
0.484880310561844,9.667166525013505,1,1,0,1,0,1,1
0.0,-0.4845756365580996,3,0,0,0,1,0,0
-0.2077088461012012,0.8964967865378598,1,1,0,0,0,1,0
-0.7463893012835698,-0.4626791642426904,3,1,0,0,2,0,0
-1.2081154057256,0.2958951755118318,3,1,5,2,2,0,7
2.3317847283299646,0.1368311467378245,2,1,1,1,2,0,2
-0.361617547581878,0.1887625319294599,2,1,1,2,0,0,3
-1.2081154057256,0.1506737441786005,3,1,4,1,2,0,5
-0.8233436520239081,-0.44363577710162,3,1,0,0,2,0,0
-0.9002980027642465,-0.4914556591697551,3,1,0,0,2,0,0
-1.1311610549852615,3.606792799755608,1,0,0,1,2,1,1
0.1001085568601522,0.4992555160963222,1,1,1,0,2,1,1
-1.977658913128984,-0.3782805959626896,3,0,0,1,0,1,1
0.0,0.489103606816847,3,1,0,0,2,1,0
-0.361617547581878,-0.5029485386158568,3,1,0,0,0,0,0
2.3317847283299646,-0.1138457087351363,1,1,0,0,2,0,0
1.7161499224072578,-0.3766033765200472,2,1,0,0,2,0,0
1.100515116484551,-0.4863374216869257,3,1,0,0,2,0,0
0.0,-0.4927140771189165,3,0,0,0,1,1,0
1.4852868701862427,1.5841789061771412,1,1,1,1,0,0,2
0.9466064150038742,-0.494391296561559,3,1,0,0,2,0,0
-0.9002980027642465,3.9327230485884233,1,0,1,0,0,1,1
0.4079259598215056,-0.1191310641216144,1,1,0,0,2,1,0
-0.9002980027642465,-0.3573908580066095,3,0,0,1,0,0,1
-0.361617547581878,-0.4925449457465493,3,1,0,0,1,0,0
-0.2846631968415396,-0.4902797934380587,3,1,1,0,2,0,1
0.7157433627828591,-0.1249197866877571,2,1,0,0,2,0,0
1.177469467224889,-0.3766033765200472,2,0,0,0,2,1,0
0.9466064150038742,-0.1191310641216144,1,1,0,0,2,1,0
-0.5924805998028931,2.402990189587765,1,0,0,0,2,1,0
0.0,-0.3414522396297103,3,1,1,1,0,1,2
-0.4385718983222164,0.3483299278831318,1,0,0,0,0,1,0
0.0,-0.1138457087351363,1,1,0,0,2,0,0
1.4083325194459044,0.3985820801634062,1,1,1,0,2,1,1
-0.0538001446205245,-0.457478374542396,3,1,0,0,2,0,0
1.7161499224072578,-0.3866707201133388,2,1,0,0,2,0,0
-0.8233436520239081,-0.494391296561559,3,1,0,0,2,0,0
0.6387890120425208,3.9327230485884233,1,0,0,0,0,1,0
-0.2077088461012012,-0.4370074380797968,2,0,0,0,2,1,0
0.0,-0.3363340021468808,3,1,0,0,1,0,0
0.2540172583408289,-0.4918744606632361,3,1,0,0,2,0,0
-1.8237502116483069,0.0160230236183252,2,0,0,1,2,1,1
-0.977252353504585,-0.5063875431873253,3,1,1,0,2,0,1
0.3309716090811673,-0.3866707201133388,2,1,0,0,2,0,0
1.5622412209265812,-0.3866707201133388,2,1,0,0,2,0,0
-0.2077088461012012,0.4207302360686478,1,1,1,0,2,1,1
-0.7463893012835698,-0.4740049257851434,3,1,0,0,2,0,0
0.0231542061198138,-0.2255932226206731,2,0,3,0,2,1,3
0.0,-0.4926295114327329,3,0,0,0,1,1,0
-0.361617547581878,-0.1249197866877571,2,1,1,0,2,0,1
-0.361617547581878,-0.4888542575852486,3,0,1,0,2,0,1
-0.0538001446205245,3.606792799755608,1,0,0,0,2,1,0
-1.4389784579466152,-0.2701412180209885,3,1,0,0,0,0,0
0.0,-0.6484216535389205,2,1,0,0,2,0,0
-0.5155262490625547,-0.3866707201133388,2,1,0,0,2,0,0
-0.5155262490625547,-0.3866707201133388,2,1,0,0,2,0,0
-0.0922773199906937,-0.3242531898349308,3,1,0,0,2,0,0
1.4083325194459044,0.0437082184998772,3,0,1,3,2,0,4
0.4079259598215056,9.667166525013505,1,1,0,0,0,1,0
0.0,-0.4894421904510968,3,1,0,0,2,0,0
0.0,-0.4894421904510968,3,1,0,0,2,0,0
0.0,-0.0443810379414243,1,1,0,0,2,1,0
0.484880310561844,0.9391984311231651,1,1,1,0,2,0,1
-0.6694349505432314,4.634416897040849,1,0,2,2,0,1,4
-0.4385718983222164,-0.3242531898349308,3,1,1,0,2,0,1
0.1001085568601522,-0.4888542575852486,3,1,0,0,2,1,0
3.1013282357333485,0.7811411367084872,1,1,1,1,2,0,2
-1.0542067042449232,-0.2406942380106105,3,1,1,1,2,0,2
0.0231542061198138,-0.3866707201133388,2,0,0,0,2,1,0
-0.8233436520239081,0.4207302360686478,1,1,1,0,2,0,1
0.1001085568601522,-0.4923778278429006,3,1,0,0,1,0,0
-1.977658913128984,-0.1853238482475067,2,0,1,1,2,1,2
-1.8237502116483069,-0.397241430886295,3,1,0,1,2,1,1
0.2540172583408289,-0.45714212526638,3,1,0,0,2,0,0
-0.5155262490625547,-0.4894421904510968,3,1,0,0,2,0,0
1.4083325194459044,0.6603330135889879,2,0,1,2,2,1,3
-2.23391690109431,-0.356468689333464,2,1,1,1,2,1,2
-0.1307544953608629,-0.4914556591697551,3,1,0,0,2,0,0
-0.9002980027642465,-0.4168727508932136,2,1,0,0,2,0,0
0.3309716090811673,-0.4863374216869257,3,1,0,0,2,0,0
0.2540172583408289,1.093228788100527,1,0,0,0,2,1,0
0.0,-0.356468689333464,3,1,0,0,2,0,0
0.8696520642635358,-0.5049620073345151,3,1,0,0,2,0,0
-0.7463893012835698,-0.5028639729296732,3,1,0,0,0,1,0
0.484880310561844,1.7677408088510642,1,0,1,2,2,1,3
-1.0542067042449232,-0.4918744606632361,3,1,0,0,2,0,0
1.6391955716669195,0.921244330558889,1,0,1,0,2,1,1
0.0,0.1489119590497745,1,1,0,0,0,0,0
0.061631381489983,-0.4923778278429006,3,0,0,0,1,0,0
0.0,-0.1621689579829361,3,1,1,0,1,0,1
0.1770629076004905,-0.4800453319411184,3,1,0,0,2,0,0
-0.4385718983222164,-0.45714212526638,3,1,0,0,2,0,0
1.4083325194459044,-0.4902797934380587,3,1,0,0,2,0,0
2.1009216761089498,-0.4370074380797968,2,0,0,0,2,0,0
0.0,-0.5029485386158568,3,1,0,0,0,0,0
1.8700586238879344,-0.1853238482475067,2,0,1,3,2,1,4
-0.9002980027642465,-0.4923778278429006,3,1,0,0,2,0,0
0.0,-0.4923778278429006,3,1,0,0,1,0,0
-1.9007045623886452,-0.397241430886295,3,0,0,0,2,1,0
0.0,-0.4926295114327329,3,1,0,0,1,0,0
1.0235607657442125,3.606792799755608,1,0,0,1,2,1,1
-1.2850697564659384,-0.5028639729296732,3,0,0,0,0,1,0
-0.977252353504585,0.4992555160963222,1,0,1,0,2,1,1
-0.0538001446205245,-0.0443810379414243,1,1,0,0,2,0,0
0.0,-0.1762632390135443,3,1,1,2,2,0,3
-0.361617547581878,-0.5064721088735089,3,1,0,0,2,0,0
-0.361617547581878,-0.5024451714361923,3,1,0,0,2,0,0
-0.9002980027642465,-0.4974960653257301,3,0,0,0,2,1,0
-1.6698415101676305,-0.0619988892296846,3,1,4,1,1,0,5
-2.208521965349999,-0.234150464674971,3,1,1,2,2,1,3
1.2544238179652276,0.9462455716384696,1,1,0,0,0,0,0
0.0,-0.4923778278429006,3,1,0,0,1,0,0
-1.0542067042449232,-0.1249197866877571,2,1,0,0,2,0,0
0.0,0.7519458402879414,3,0,8,2,2,0,10
0.0,-0.0303713225969997,1,1,0,0,0,0,0
-0.361617547581878,-0.4894421904510968,3,1,0,0,2,0,0
0.7157433627828591,-0.3866707201133388,2,1,0,0,2,0,0
1.4852868701862427,-0.1263453225405672,1,0,0,0,2,1,0
0.1001085568601522,-0.4735861242916626,3,0,0,0,2,1,0
0.0231542061198138,-0.5028639729296732,3,1,0,0,0,0,0
0.0231542061198138,-0.1621689579829361,3,0,1,1,2,0,2
0.3309716090811673,-0.3866707201133388,2,1,0,0,2,0,0
0.1001085568601522,-0.1198861148911113,2,0,1,1,2,1,2
-1.4389784579466152,1.7677408088510642,1,1,1,2,2,1,3
-2.2531554887793948,-0.4769405631769473,3,1,0,1,0,1,1
-0.2077088461012012,-0.5079822104125026,3,1,0,0,2,1,0
0.1001085568601522,-0.4918744606632361,3,1,0,0,2,0,0
0.7157433627828591,-0.6484216535389205,1,1,0,0,2,0,0
-0.9002980027642465,-0.4918744606632361,3,0,0,0,2,0,0
0.7157433627828591,-0.3866707201133388,2,1,0,0,2,0,0
0.2540172583408289,0.4207302360686478,1,0,1,0,2,1,1
-0.2846631968415396,-0.4896093083547455,3,1,0,0,2,0,0
0.7157433627828591,-0.1621689579829361,3,1,0,0,2,0,0
0.4079259598215056,-0.4370074380797968,2,1,0,0,2,0,0
-1.8237502116483069,-0.0187093117785307,3,0,4,2,2,0,6
0.061631381489983,-0.4863374216869257,3,1,0,0,2,0,0
0.0,-0.6484216535389205,1,1,0,0,2,0,0
-0.5155262490625547,-0.4888542575852486,3,0,0,0,2,0,0
0.1001085568601522,0.0966463380508417,2,1,1,1,0,0,2
1.0235607657442125,-0.5185529211854588,3,1,0,0,2,0,0
-1.5159328086869537,-0.086663881033249,3,1,3,2,2,0,5
1.7161499224072578,1.2341715984066093,1,0,1,1,2,1,2
-0.2077088461012012,-0.4740049257851434,3,1,0,0,2,1,0
0.6387890120425208,-0.6484216535389205,1,1,0,0,2,0,0
-0.2077088461012012,-0.397241430886295,3,0,0,1,2,1,1
-2.1315676146096605,0.1506737441786005,3,1,4,1,2,0,5
0.0,-0.5084855775921673,3,1,0,0,1,0,0
0.0,0.489103606816847,3,1,0,0,2,0,0
-2.208521965349999,0.0966463380508417,2,1,0,2,0,1,2
0.0,-0.4923778278429006,3,1,0,0,1,1,0
2.4856934298106417,0.962353321387736,1,0,0,0,2,1,0
-1.1311610549852615,-0.3573908580066095,3,0,1,0,0,1,1
-2.2216042049758564,-0.2708962687904854,2,1,1,1,2,1,2
0.0,-0.5028639729296732,3,1,0,0,0,0,0
-0.5155262490625547,-0.4902797934380587,3,1,0,0,2,0,0
-0.9002980027642465,-0.4813037498902798,3,1,0,0,2,0,0
0.7157433627828591,1.0259447039291216,1,0,1,1,0,1,2
-0.6694349505432314,-0.4740049257851434,3,1,0,0,2,0,0
0.0,-0.4863374216869257,3,1,0,0,2,0,0
0.1770629076004905,0.489103606816847,3,1,0,0,2,1,0
0.0,-0.0504214440973992,1,1,0,0,0,1,0
-0.7463893012835698,-0.4888542575852486,3,1,0,0,2,0,0
-1.0542067042449232,-0.4370074380797968,2,1,0,0,2,0,0
0.0231542061198138,-0.0242463507548411,1,0,0,0,0,1,0
0.3694487844513365,-0.5188046047752911,3,1,0,0,0,0,0
-0.977252353504585,-0.4740049257851434,3,1,0,0,2,0,0
0.9466064150038742,-0.4964047652802172,3,1,0,0,2,0,0
0.0,0.7519458402879414,3,1,8,2,2,0,10
0.4079259598215056,-0.4894421904510968,3,1,0,0,0,0,0
-0.1307544953608629,0.0160230236183252,2,1,0,1,2,0,1
0.0,1.145663540471827,1,0,1,0,0,1,1
-1.977658913128984,-0.0187093117785307,3,1,4,2,2,0,6
3.409145638694702,-0.4918744606632361,3,1,0,0,2,0,0
-1.5928871594272918,-0.3414522396297103,3,0,1,1,0,0,2
-1.0542067042449232,0.1448850216124577,1,0,0,1,2,1,1
1.100515116484551,-0.1249197866877571,2,0,1,0,2,0,1
-0.9002980027642465,-0.4601623283443675,3,0,0,1,2,1,1
1.177469467224889,2.671117778445337,1,0,1,1,2,1,2
1.6391955716669195,-0.1138457087351363,1,1,0,0,2,1,0
-0.4385718983222164,-0.2606618072935451,3,0,0,3,0,1,3
0.0,-0.5028639729296732,3,1,0,0,0,0,0
0.8696520642635358,-0.3643554463044486,3,1,2,0,2,0,2
-0.6694349505432314,-0.4168727508932136,2,1,1,0,2,0,1
1.4083325194459044,-0.1263453225405672,1,0,0,0,2,1,0
0.0,0.7519458402879414,3,0,8,2,2,0,10
-0.4385718983222164,-0.3866707201133388,2,1,0,0,2,0,0
0.9466064150038742,-0.3866707201133388,2,0,0,0,2,1,0
-0.2077088461012012,-0.3693891181010945,2,0,1,0,0,1,1
0.1001085568601522,0.3682954836973478,1,1,0,0,2,0,0
0.0,-0.45714212526638,3,1,0,0,2,0,0
-1.977658913128984,-0.4242561406845337,3,1,1,1,2,1,2
-0.2846631968415396,-0.4894421904510968,3,1,0,0,2,0,0
1.331378168705566,0.4097407238022106,1,0,1,1,2,1,2
0.2540172583408289,-0.5477482176060045,1,1,0,0,2,0,0
1.331378168705566,-0.4672094688596716,3,1,0,0,2,0,0
-0.1307544953608629,-0.1651891610609235,2,0,1,0,0,1,1
-1.1311610549852615,-0.5029485386158568,3,0,0,0,0,1,0
-0.7463893012835698,-0.4501795504372595,3,1,0,0,2,0,0
-0.8233436520239081,-0.4894421904510968,3,1,0,0,2,0,0
0.0,-0.4894421904510968,3,1,0,0,2,0,0
2.0239673253686115,1.0259447039291216,1,0,0,1,0,1,1
-0.361617547581878,-0.1249197866877571,2,0,0,1,2,1,1
0.2540172583408289,-0.4894421904510968,3,1,0,0,2,0,0
-0.5924805998028931,-0.4366711888037809,3,0,0,0,2,0,0
-0.1307544953608629,-0.4370074380797968,2,1,0,0,2,0,0
-0.361617547581878,-0.5064721088735089,3,1,0,0,2,0,0
0.7157433627828591,-0.0619988892296846,3,0,0,5,1,0,5
-0.2077088461012012,-0.3866707201133388,2,1,0,0,2,0,0
-0.8233436520239081,-0.0443810379414243,1,0,0,0,2,1,0
0.0,-0.1762632390135443,3,0,1,2,2,0,3
-0.2846631968415396,-0.0443810379414243,1,1,0,0,0,1,0
0.1770629076004905,-0.4923778278429006,3,1,0,0,1,0,0
